<?xml version="1.0" encoding="UTF-8" standalone="yes"?>
<FontFallbackSettings xmlns="Aspose.Words">
  <FallbackTable>
    <Rule Ranges="0000-02AF" FallbackFonts="Calibri"/>
    <Rule Ranges="0900-097F" FallbackFonts="Kokila, Nirmala UI" BaseFonts="Times New Roman, Dotum, DotumChe, Gulim, GulimChe, SimSun, SimSun-ExtB, NSimSun, MingLiU, MingLiU-ExtB, MingLiU_HKSCS, MingLiU_HKSCS-ExtB, PMingLiU, PMingLiU-ExtB, Batang, BatangChe, Gungush, GungushChe, MS Gothic, MS PGothic, MS UI Gothic, DengXian"/>
    <Rule Ranges="0900-097F" FallbackFonts="Mangal, Nirmala UI"/>
    <Rule Ranges="0980-09FF" FallbackFonts="Shonar Bangla, Nirmala UI"/>
    <Rule Ranges="0B80-0BFF" FallbackFonts="Vijaya"/>
    <Rule Ranges="0C00-0C7F" FallbackFonts="Vani"/>
    <Rule Ranges="0D00-0D7F" FallbackFonts="Kartika"/>
    <Rule Ranges="0E00-0E7F" FallbackFonts="Angsana New"/>
    <Rule Ranges="1000-109F" FallbackFonts="Myanmar Text"/>
    <Rule Ranges="10A0-10FF" FallbackFonts="Sylfaen"/>
    <Rule Ranges="1100-11FF" FallbackFonts="Batang, Malgun Gothic"/>
    <Rule Ranges="1200-137F" FallbackFonts="Nyala"/>
    <Rule Ranges="16A0-16FF" FallbackFonts="Segoe UI Historic, Segoe UI Symbol"/>
    <Rule Ranges="1800-18FF" FallbackFonts="Mongolian Baiti"/>
    <Rule Ranges="2000-25FF, 27C0-27FF, 2900-2AFF, 2C60-2C7F" FallbackFonts="Arial, Cambria Math, MS UI Gothic"/>
    <Rule Ranges="2600-27BF, 2800-28FF, 2B00-2C5F" FallbackFonts="Segoe UI Symbol"/>
    <Rule Ranges="2D00-2D2F" FallbackFonts="Sylfaen"/>
    <Rule Ranges="A000-A48F" FallbackFonts="Microsoft Yi Baiti"/>
    <Rule Ranges="1F300-1F6FF" FallbackFonts="Segoe UI Emoji, Segoe UI Symbol"/>

    <Rule Ranges="0600-06FF, FB50-FDFF, FE70-FEFF" FallbackFonts="Arial, Courier New, Simplified Arabic Fixed, DejaVu Sans Mono"/>

    <Rule Ranges="2E80-2EFF, 3000-9FFF, FE30-FE6F, FF00-FFEF" FallbackFonts="Cambria Math, MS Mincho, PMingLiU, SimSun, Microsoft JhengHei, Batang" BaseFonts="Times New Roman, Dotum, DotumChe, Gulim, GulimChe, SimSun, SimSun-ExtB, NSimSun, MingLiU, MingLiU-ExtB, MingLiU_HKSCS, MingLiU_HKSCS-ExtB, PMingLiU, PMingLiU-ExtB, Batang, BatangChe, Gungush, GungushChe, Malgun Gothic, MS Gothic, MS PGothic, MS UI Gothic, DengXian"/>
    <Rule Ranges="2E80-2EFF, 3000-9FFF, FE30-FE6F, FF00-FFEF" FallbackFonts="MS Mincho, PMingLiU, SimSun, Microsoft JhengHei, DotumChe"/>

    <Rule Ranges="AC00-D7AF" FallbackFonts="Batang" BaseFonts="Times New Roman, Dotum, DotumChe, Gulim, GulimChe, SimSun, SimSun-ExtB, NSimSun, MingLiU, MingLiU-ExtB, MingLiU_HKSCS, MingLiU_HKSCS-ExtB, PMingLiU, PMingLiU-ExtB, Batang, BatangChe, Gungush, GungushChe, MS Gothic, MS PGothic, MS UI Gothic, DengXian"/>
    <Rule Ranges="AC00-D7AF" FallbackFonts="Malgun Gothic"/>

    <Rule Ranges="E000-F8FF, F0000-FFFFD, 100000-10FFFD" FallbackFonts="EUDC"/>

    <Rule FallbackFonts="Arial Unicode MS"/>
  </FallbackTable>
</FontFallbackSettings>