<?xml version="1.0" encoding="UTF-8" standalone="yes"?>
<FontFallbackSettings xmlns="Aspose.Words">
    <FallbackTable>
        <Rule Ranges="1E900-1E95F" FallbackFonts="Noto Sans Adlam Unjoined, Noto Sans Adlam"/>
        <Rule Ranges="14400-1467F" FallbackFonts="Noto Sans AnatoHiero"/>
        <Rule Ranges="0530-058F, FB13-FB17" FallbackFonts="Noto Sans Armenian"/>
        <Rule Ranges="10B00-10B3F" FallbackFonts="Noto Sans Avestan"/>
        <Rule Ranges="1B00-1B7F" FallbackFonts="Noto Sans Balinese"/>
        <Rule Ranges="A6A0-A6FF, 16800-16A3F" FallbackFonts="Noto Sans Bamum"/>
        <Rule Ranges="1BC0-1BFF" FallbackFonts="Noto Sans Batak"/>
        <Rule Ranges="0980-09FF" FallbackFonts="Noto Sans Bengali"/>
        <Rule Ranges="11000-1107F" FallbackFonts="Noto Sans Brahmi"/>
        <Rule Ranges="1A00-1A1F" FallbackFonts="Noto Sans Buginese"/>
        <Rule Ranges="1740-175F" FallbackFonts="Noto Sans Buhid"/>
        <Rule Ranges="1400-167F, 18B0-18FF" FallbackFonts="Noto Sans Canadian Aboriginal"/>
        <Rule Ranges="102A0-102DF" FallbackFonts="Noto Sans Carian"/>
        <Rule Ranges="11100-1114F" FallbackFonts="Noto Sans Chakma"/>
        <Rule Ranges="AA00-AA5F" FallbackFonts="Noto Sans Cham"/>
        <Rule Ranges="13A0-13FF, AB70-ABBF" FallbackFonts="Noto Sans Cherokee"/>
		<Rule Ranges="0370-03FF, 2C80-2CFF" FallbackFonts="Noto Sans Coptic"/>
		<Rule Ranges="12000-1254F" FallbackFonts="Noto Sans Cuneiform"/>
		<Rule Ranges="10800-1083F" FallbackFonts="Noto Sans Cypriot"/>
		<Rule Ranges="10400-1044F" FallbackFonts="Noto Sans Deseret"/>
		<Rule Ranges="0900-097F, 1CD0-1CFF, A830-A83F, A8E0-A8FF" FallbackFonts="Noto Sans Devanagari"/>	
		<Rule Ranges="13000-1342F" FallbackFonts="Noto Sans EgyptHiero"/>
		<Rule Ranges="1200-139F, 2D80-2DDF, AB00-AB2F" FallbackFonts="Noto Sans Ethiopic"/>
		<Rule Ranges="10A0-10FF, 2D00-2D2F" FallbackFonts="Noto Sans Georgian"/>
		<Rule Ranges="2C00-2C5F, 1E000-1E02F" FallbackFonts="Noto Sans Glagolitic"/>
		<Rule Ranges="10330-1034F" FallbackFonts="Noto Sans Gothic"/>
		<Rule Ranges="0A80-0AFF" FallbackFonts="Noto Sans Gujarati"/>
		<Rule Ranges="0A00-0A7F" FallbackFonts="Noto Sans Gurmukhi"/>
		<Rule Ranges="1720-173F" FallbackFonts="Noto Sans Hanunoo"/>
		<Rule Ranges="0590-05FF, FB1D-FB4F" FallbackFonts="Noto Sans Hebrew"/>
		<Rule Ranges="10840-1085F" FallbackFonts="Noto Sans ImpAramaic"/>
		<Rule Ranges="10B60-10B7F" FallbackFonts="Noto Sans InsPahlavi"/>
		<Rule Ranges="10B40-10B5F" FallbackFonts="Noto Sans InsParthi"/>
		<Rule Ranges="A980-A9DF" FallbackFonts="Noto Sans Javanese"/>
		<Rule Ranges="11080-110CF" FallbackFonts="Noto Sans Kaithi"/>
		<Rule Ranges="0C80-0CFF" FallbackFonts="Noto Sans Kannada"/>
		<Rule Ranges="A900-A92F" FallbackFonts="Noto Sans Kayah Li"/>
		<Rule Ranges="10A00-10A5F" FallbackFonts="Noto Sans Kharoshthi"/>
		<Rule Ranges="1780-17FF, 19E0-19FF" FallbackFonts="Noto Sans Khmer"/>
		<Rule Ranges="0E80-0EFF" FallbackFonts="Noto Sans Lao"/>
		<Rule Ranges="1C00-1C4F" FallbackFonts="Noto Sans Lepcha"/>
		<Rule Ranges="1900-194F" FallbackFonts="Noto Sans Limbu"/>
		<Rule Ranges="10000-1013F" FallbackFonts="Noto Sans Linear B"/>
		<Rule Ranges="A4D0-A4FF" FallbackFonts="Noto Sans Lisu"/>
		<Rule Ranges="10280-1029F" FallbackFonts="Noto Sans Lycian"/>
		<Rule Ranges="10920-1093F" FallbackFonts="Noto Sans Lydian"/>
		<Rule Ranges="0D00-0D7F" FallbackFonts="Noto Sans Malayalam"/>
		<Rule Ranges="0840-085F" FallbackFonts="Noto Sans Mandaic"/>
		<Rule Ranges="AAE0-AAFF, ABC0-ABFF" FallbackFonts="Noto Sans Meetei Mayek"/>
		<Rule Ranges="1800-18AF" FallbackFonts="Noto Sans Mongolian"/>
		<Rule Ranges="1000-109F, A9E0-A9FF, AA60-AA7F" FallbackFonts="Noto Sans Myanmar"/>
		<Rule Ranges="07C0-07FF" FallbackFonts="Noto Sans N'Ko"/>
		<Rule Ranges="1980-19DF" FallbackFonts="Noto Sans NewTaiLue"/>
		<Rule Ranges="1680-169F" FallbackFonts="Noto Sans Ogham"/>
		<Rule Ranges="1C50-1C7F" FallbackFonts="Noto Sans Ol Chiki"/>
		<Rule Ranges="10300-1032F" FallbackFonts="Noto Sans Old Italic"/>
		<Rule Ranges="103A0-103DF" FallbackFonts="Noto Sans OldPersian"/>
		<Rule Ranges="10A60-10A7F" FallbackFonts="Noto Sans OldSouArab"/>
		<Rule Ranges="10C00-10C4F" FallbackFonts="Noto Sans Old Turkic"/>
		<Rule Ranges="0B00-0B7F" FallbackFonts="Noto Sans Oriya"/>
		<Rule Ranges="104B0-104FF" FallbackFonts="Noto Sans Osage"/>
		<Rule Ranges="10480-104AF" FallbackFonts="Noto Sans Osmanya"/>
		<Rule Ranges="A840-A87F" FallbackFonts="Noto Sans Phags Pa"/>
		<Rule Ranges="10900-1091F" FallbackFonts="Noto Sans Phoenician"/>
		<Rule Ranges="A930-A95F" FallbackFonts="Noto Sans Rejang"/>
		<Rule Ranges="16A0-16FF" FallbackFonts="Noto Sans Runic"/>
		<Rule Ranges="0800-083F" FallbackFonts="Noto Sans Samaritan"/>
		<Rule Ranges="A880-A8DF" FallbackFonts="Noto Sans Saurashtra"/>
		<Rule Ranges="10450-1047F" FallbackFonts="Noto Sans Shavian"/>	
		<Rule Ranges="0D80-0DFF, 111E0-111FF" FallbackFonts="Noto Sans Sinhala"/>
		<Rule Ranges="1B80-1BBF, 1CC0-1CCF" FallbackFonts="Noto Sans Sundanese"/>
		<Rule Ranges="A800-A82F" FallbackFonts="Noto Sans Syloti Nagri"/>
		<Rule Ranges="1700-171F" FallbackFonts="Noto Sans Tagalog"/>
		<Rule Ranges="1760-177F" FallbackFonts="Noto Sans Tagbanwa"/>
		<Rule Ranges="1950-197F" FallbackFonts="Noto Sans Tai Le"/>
		<Rule Ranges="1A20-1AAF" FallbackFonts="Noto Sans Tai Tham"/>
		<Rule Ranges="AA80-AADF" FallbackFonts="Noto Sans Tai Viet"/>
		<Rule Ranges="0B80-0BFF" FallbackFonts="Noto Sans Tamil"/>
		<Rule Ranges="0C00-0C7F" FallbackFonts="Noto Sans Telugu"/>
		<Rule Ranges="0E00-0E7F" FallbackFonts="Noto Sans Thai"/>
		<Rule Ranges="0F00-0FFF" FallbackFonts="Noto Sans Tibetan"/>
		<Rule Ranges="10380-1039F" FallbackFonts="Noto Sans Ugaritic"/>
		<Rule Ranges="A500-A63F" FallbackFonts="Noto Sans Vai"/>

		<Rule Ranges="0600-06FF, 0750-077F, 08A0-08FF, FB50-FDFF, FE70-FEFF" FallbackFonts="Noto Sans Arabic"/>
		<Rule Ranges="0780-07BF, 0300-036F" FallbackFonts="Noto Sans Thaana"/>	
		<Rule Ranges="0700-074F, 0300-036F" FallbackFonts="Noto Sans Syriac Estrangela, Noto Sans Syriac Eastern, Noto Sans Syriac Western"/>
		<Rule Ranges="2D30-2D7F, 0300-036F" FallbackFonts="Noto Sans Tifinagh"/>
	
		<!--
        U+1100..U+11FF	Hangul Jamo
        U+2500..U+257F	Box Drawing
        U+2580..U+259F	Block Elements
        U+2E80..U+2EFF	CJK Radicals Supplement
        U+2F00..U+2FDF	Kangxi Radicals
        U+2FF0..U+2FFF	Ideographic Description Characters
        U+3000..U+303F	CJK Symbols and Punctuation
        U+3040..U+309F	Hiragana
        U+30A0..U+30FF	Katakana
        U+3100..U+312F	Bopomofo
        U+3130..U+318F	Hangul Compatibility Jamo
        U+3190..U+319F	Kanbun
        U+31A0..U+31BF	Bopomofo Extended
        U+31C0..U+31EF	CJK Strokes
        U+31F0..U+31FF	Katakana Phonetic Extensions
        U+3200..U+32FF	Enclosed CJK Letters and Months
        U+3300..U+33FF	CJK Compatibility
        U+3400..U+4DBF	CJK Unified Ideographs Extension A
        U+4E00..U+9FFF	CJK Unified Ideographs
        U+A960..U+A97F	Hangul Jamo Extended-A
        U+AC00..U+D7AF	Hangul Syllables
        U+D7B0..U+D7FF	Hangul Jamo Extended-B
        U+F900..U+FAFF	CJK Compatibility Ideographs
        U+FE10..U+FE1F	Vertical Forms
        U+FE30..U+FE4F	CJK Compatibility Forms
        U+FE50..U+FE6F	Small Form Variants
        U+FF00..U+FFEF	Halfwidth and Fullwidth Forms
        U+1F100..U+1F1FF	Enclosed Alphanumeric Supplement
        U+1F200..U+1F2FF	Enclosed Ideographic Supplement
        U+20000..U+2A6DF	CJK Unified Ideographs Extension B
        U+2A700..U+2B73F	CJK Unified Ideographs Extension C
        U+2B740..U+2B81F	CJK Unified Ideographs Extension D
        U+2B820..U+2CEAF	CJK Unified Ideographs Extension E
        U+2CEB0..U+2EBEF	CJK Unified Ideographs Extension F
        U+2F800..U+2FA1F	CJK Compatibility Ideographs Supplement
        -->
		<Rule Ranges="1100-11FF, 2500-259F, 2E80-2FDF, 2FF0-4DBF, 4E00-9FFF, A960-A97F, AC00-D7FF, F900-FAFF, FE10-FE1F, FE30-FE6F, FF00-FFEF, 1F100-1F2FF, 20000-2A6DF, 2A700-2EBEF, 2F800-2FA1F" FallbackFonts="Noto Sans CJK JP Regular, Noto Sans CJK KR Regular, Noto Sans CJK SC Regular, Noto Sans CJK TC Regular"/>

		<!--
        U+3000..U+303F	CJK Symbols and Punctuation
        U+A000..U+A48F	Yi Syllables
        U+A490..U+A4CF	Yi Radicals
        U+FE50..U+FE6F	Small Form Variants
        -->
		<Rule Ranges="3000-303F, A000-A4CF, FE50-FE6F" FallbackFonts="Noto Sans Yi"/>
  
	  
		<!--
		U+2150..U+218F	Number Forms
		U+2190..U+21FF	Arrows
		U+2300..U+23FF	Miscellaneous Technical
		U+2460..U+24FF	Enclosed Alphanumerics
		U+2600..U+26FF	Miscellaneous Symbols
		U+2700..U+27BF	Dingbats
		U+1F100..U+1F1FF	Enclosed Alphanumeric Supplement
		U+1F300..U+1F5FF	Miscellaneous Symbols and Pictographs
		U+1F700..U+1F77F	Alchemical Symbols
		-->
		<Rule Ranges="2150-21FF, 2300-23FF, 2460-24FF, 2600-27BF, 1F100-1F1FF, 1F300-1F5FF, 1F700-1F77F" FallbackFonts="Noto Sans Symbols"/>
	
		<!--
		U+2190..U+21FF	Arrows
		U+2200..U+22FF	Mathematical Operators
		U+2300..U+23FF	Miscellaneous Technical
		U+2400..U+243F	Control Pictures
		U+2440..U+245F	Optical Character Recognition
		U+25A0..U+25FF	Geometric Shapes
		U+2600..U+26FF	Miscellaneous Symbols
		U+2700..U+27BF	Dingbats
		U+2800..U+28FF	Braille Patterns
		U+2B00..U+2BFF	Miscellaneous Symbols and Arrows
		U+4DC0..U+4DFF	Yijing Hexagram Symbols
		U+10140..U+1018F	Ancient Greek Numbers
		U+10190..U+101CF	Ancient Symbols
		U+101D0..U+101FF	Phaistos Disc
		U+102E0..U+102FF	Coptic Epact Numbers
		U+10E60..U+10E7F	Rumi Numeral Symbols
		U+1D300..U+1D35F	Tai Xuan Jing Symbols
		U+1D360..U+1D37F	Counting Rod Numerals
		U+1F000..U+1F02F	Mahjong Tiles
		U+1F030..U+1F09F	Domino Tiles
		U+1F0A0..U+1F0FF	Playing Cards
		U+1F300..U+1F5FF	Miscellaneous Symbols and Pictographs
		U+1F650..U+1F67F	Ornamental Dingbats
		U+1F680..U+1F6FF	Transport and Map Symbols
		U+1F780..U+1F7FF	Geometric Shapes Extended
		U+1F800..U+1F8FF	Supplemental Arrows-C
		U+1F900..U+1F9FF	Supplemental Symbols and Pictographs
		-->
		<Rule Ranges="2190-245F, 25A0-27BF, 2800-28FF, 2B00-2BFF, 4DC0-4DFF, 10140-101FF, 102E0-102FF, 10E60-10E7F, 1D300-1D37F, 1F000-1F0FF, 1F300-1F5FF, 1F650-1F6FF, 1F780-1F9FF" FallbackFonts="Noto Sans Symbols2"/>

		<!--
		U+2190..U+21FF	Arrows
		U+2300..U+23FF	Miscellaneous Technical
		U+2600..U+26FF	Miscellaneous Symbols
		U+2700..U+27BF	Dingbats
		U+1F100..U+1F1FF	Enclosed Alphanumeric Supplement
		U+1F200..U+1F2FF	Enclosed Ideographic Supplement
		U+1F300..U+1F5FF	Miscellaneous Symbols and Pictographs
		U+1F600..U+1F64F	Emoticons
		U+1F680..U+1F6FF	Transport and Map Symbols
		-->
		<Rule Ranges="2190-21FF, 2300-23FF, 2600-27BF, 1F100-1F64F, 1F680-1F6FF" FallbackFonts="Noto Emoji"/>
		
		<Rule FallbackFonts="Noto Sans"/>
	</FallbackTable>
</FontFallbackSettings>